filename,width,height,class,xmin,ymin,xmax,ymax
With_Saxophone_055.jpg,500,375,2,117,215,165,312
With_Saxophone_055.jpg,500,375,2,188,225,253,311
With_Saxophone_055.jpg,500,375,2,267,234,343,292
With_Saxophone_055.jpg,500,375,1,352,124,366,213
With_Saxophone_055.jpg,500,375,1,252,123,339,138
With_Saxophone_056.jpg,500,408,2,385,173,466,332
With_Saxophone_056.jpg,500,408,2,255,166,375,396
With_Saxophone_056.jpg,500,408,2,152,197,245,398
With_Saxophone_056.jpg,500,408,2,52,137,96,249
With_Saxophone_057.jpg,500,351,2,61,81,138,209
With_Saxophone_057.jpg,500,351,2,130,66,198,180
With_Saxophone_057.jpg,500,351,2,186,93,267,192
With_Saxophone_057.jpg,500,351,2,264,93,341,190
With_Saxophone_057.jpg,500,351,2,338,78,405,181
With_Saxophone_058.jpg,334,500,2,91,221,247,425
With_Saxophone_059.jpg,1024,682,2,244,340,434,493
With_Saxophone_060.jpg,333,500,2,74,218,192,351
With_Saxophone_061.jpg,337,500,2,48,121,137,203
With_Saxophone_062.jpg,500,333,2,163,78,270,301
With_Saxophone_063.jpg,500,375,2,72,70,212,330
With_Saxophone_063.jpg,500,375,2,325,102,437,312
With_Saxophone_063.jpg,500,375,2,271,89,365,320
With_Saxophone_063.jpg,500,375,2,185,132,298,312
With_Saxophone_064.jpg,1024,728,2,16,214,287,601
With_Saxophone_064.jpg,1024,728,2,275,246,484,516
With_Saxophone_064.jpg,1024,728,2,442,332,584,490
With_Saxophone_064.jpg,1024,728,2,658,288,892,559
With_Saxophone_065.jpg,834,1024,2,240,559,389,942
With_Saxophone_065.jpg,834,1024,2,386,377,629,612
With_Saxophone_065.jpg,834,1024,2,591,421,753,625
With_Saxophone_065.jpg,834,1024,2,1,614,182,663
With_Saxophone_066.jpg,332,500,2,94,159,204,287
With_Saxophone_067.jpg,332,500,2,97,152,172,288
With_Saxophone_068.jpg,440,291,2,11,92,88,208
With_Saxophone_068.jpg,440,291,2,211,95,314,244
With_Saxophone_068.jpg,440,291,2,324,170,427,291
With_Saxophone_069.jpg,450,338,2,228,116,309,301
With_Saxophone_070.jpg,448,609,2,162,79,262,205
With_Saxophone_070.jpg,448,609,2,74,180,210,359
With_Saxophone_071.jpg,600,399,2,246,166,385,340
With_Saxophone_072.jpg,1024,769,2,392,353,454,527
With_Saxophone_073.jpg,500,375,2,194,105,362,353
With_Saxophone_074.jpg,1024,768,2,241,353,311,564
With_Saxophone_074.jpg,1024,768,2,294,230,361,324
With_Saxophone_074.jpg,1024,768,2,362,352,425,534
With_Saxophone_074.jpg,1024,768,2,513,326,589,520
With_Saxophone_074.jpg,1024,768,2,646,387,780,699
With_Saxophone_074.jpg,1024,768,2,772,334,922,536
With_Saxophone_074.jpg,1024,768,2,737,228,829,364
With_Saxophone_074.jpg,1024,768,2,595,232,704,364
With_Saxophone_074.jpg,1024,768,2,470,245,582,387
With_Saxophone_074.jpg,1024,768,2,344,267,483,383
With_Saxophone_075.jpg,480,360,2,6,133,118,214
With_Saxophone_075.jpg,480,360,2,382,82,476,209
With_Saxophone_075.jpg,480,360,2,148,168,240,352
With_Saxophone_075.jpg,480,360,2,94,143,184,212
With_Saxophone_075.jpg,480,360,2,239,144,329,347
With_Saxophone_076.jpg,300,425,2,84,150,128,195
With_Saxophone_076.jpg,300,425,2,143,164,199,234
With_Saxophone_076.jpg,300,425,2,202,158,257,206
With_Saxophone_076.jpg,300,425,2,21,191,100,218
With_Saxophone_077.jpg,593,594,2,206,113,375,328
With_Saxophone_078.jpg,463,587,2,217,244,311,507
With_Saxophone_078.jpg,463,587,2,319,127,411,323
With_Saxophone_078.jpg,463,587,2,148,111,240,276
With_Saxophone_079.jpg,480,360,2,22,189,94,284
With_Saxophone_079.jpg,480,360,2,77,175,142,275
With_Saxophone_079.jpg,480,360,2,131,189,191,287
With_Saxophone_079.jpg,480,360,2,185,175,244,277
With_Saxophone_079.jpg,480,360,2,240,184,306,305
With_Saxophone_080.jpg,1248,1752,2,629,1026,774,1258
With_Saxophone_080.jpg,1248,1752,2,752,1077,976,1297
With_Saxophone_080.jpg,1248,1752,2,854,1107,1125,1448
With_Saxophone_081.jpg,400,300,2,149,82,226,173
With_Saxophone_082.jpg,400,300,2,142,72,229,206
With_Saxophone_082.jpg,400,300,2,198,48,305,208
With_Saxophone_082.jpg,400,300,2,268,74,378,166
With_Flute_013.jpg,500,375,1,76,178,153,375
With_Flute_013.jpg,500,375,1,245,187,301,375
With_Flute_013.jpg,500,375,1,343,128,418,326
With_Flute_014.jpg,1280,960,1,136,273,231,540
With_Flute_014.jpg,1280,960,1,343,315,431,527
With_Flute_014.jpg,1280,960,1,487,333,563,573
With_Flute_014.jpg,1280,960,1,667,326,733,603
With_Flute_014.jpg,1280,960,1,784,348,833,588
With_Flute_014.jpg,1280,960,1,899,369,970,619
With_Flute_015.jpg,500,375,1,98,180,192,317
With_Flute_015.jpg,500,375,1,160,170,241,302
With_Flute_015.jpg,500,375,1,262,155,309,292
With_Flute_015.jpg,500,375,1,341,196,406,327
With_Flute_016.jpg,640,480,1,333,158,395,323
With_Flute_017.jpg,500,375,1,61,182,116,342
With_Flute_017.jpg,500,375,1,152,202,169,357
With_Flute_017.jpg,500,375,1,231,194,252,356
With_Flute_017.jpg,500,375,1,288,198,317,359
With_Flute_017.jpg,500,375,1,360,177,394,362
With_Flute_018.jpg,412,500,1,122,217,395,319
With_Flute_019.jpg,800,536,1,152,146,204,300
With_Flute_019.jpg,800,536,1,228,217,261,437
With_Flute_019.jpg,800,536,1,430,126,489,310
With_Flute_019.jpg,800,536,1,507,206,546,413
With_Flute_020.jpg,856,1200,1,380,767,576,1077
With_Flute_020.jpg,856,1200,1,316,671,427,874
With_Flute_021.jpg,369,246,1,95,62,229,112
With_Flute_021.jpg,369,246,1,16,96,145,150
With_Flute_022.jpg,400,300,1,38,120,76,268
With_Flute_022.jpg,400,300,1,49,124,67,169
With_Flute_022.jpg,400,300,1,139,110,163,251
With_Flute_022.jpg,400,300,1,223,135,255,274
With_Flute_022.jpg,400,300,1,199,109,211,180
With_Flute_022.jpg,400,300,1,173,112,185,209
With_Flute_022.jpg,400,300,1,153,117,204,196
With_Flute_022.jpg,400,300,1,66,95,75,117
With_Flute_022.jpg,400,300,1,85,107,101,147
With_Flute_023.jpg,600,450,1,61,248,223,338
With_Flute_023.jpg,600,450,1,193,237,322,358
With_Flute_023.jpg,600,450,1,298,246,367,411
With_Flute_024.jpg,640,427,1,409,179,480,263
With_Flute_024.jpg,640,427,1,303,149,348,260
With_Flute_024.jpg,640,427,1,124,156,169,231
With_Flute_025.jpg,480,400,1,144,96,350,268
With_Flute_026.jpg,640,480,1,255,263,306,480
With_Flute_026.jpg,640,480,1,65,427,98,480
With_Flute_026.jpg,640,480,1,559,256,626,480
With_Flute_026.jpg,640,480,1,433,205,447,259
With_Flute_027.jpg,300,225,1,156,58,172,127
With_Flute_028.jpg,450,301,1,24,129,98,190
With_Flute_028.jpg,450,301,1,93,101,126,172
With_Flute_029.jpg,500,375,1,174,162,222,354
With_Flute_030.jpg,670,502,1,117,200,150,496
With_Flute_031.jpg,448,336,1,224,95,273,121
With_Flute_031.jpg,448,336,1,133,187,225,286
With_Flute_032.jpg,480,360,1,151,193,223,260
With_Flute_032.jpg,480,360,1,241,228,299,330
With_Flute_033.jpg,580,576,1,205,348,395,365
With_Flute_034.jpg,800,533,1,369,169,398,333
With_Flute_034.jpg,800,533,1,150,333,213,426
With_Flute_034.jpg,800,533,1,17,148,33,257
With_Flute_035.jpg,1024,687,1,174,315,267,508
With_Flute_035.jpg,1024,687,1,304,281,347,462
With_Flute_035.jpg,1024,687,1,368,311,450,481
With_Flute_035.jpg,1024,687,1,485,269,505,444
With_Flute_035.jpg,1024,687,1,573,288,630,447
With_Flute_035.jpg,1024,687,1,654,277,784,408
With_Flute_035.jpg,1024,687,1,789,277,849,454
With_Flute_035.jpg,1024,687,1,657,187,738,331
With_Flute_035.jpg,1024,687,1,532,208,569,270
With_Flute_036.jpg,500,335,1,79,122,180,275
With_Flute_036.jpg,500,335,1,178,135,267,289
With_Flute_036.jpg,500,335,1,218,141,363,278
With_Flute_038.jpg,1024,687,1,203,205,309,377
With_Flute_038.jpg,1024,687,1,316,208,427,383
With_Flute_038.jpg,1024,687,1,478,203,581,362
With_Flute_038.jpg,1024,687,1,614,199,641,384
With_Flute_038.jpg,1024,687,1,656,185,754,374
With_Flute_038.jpg,1024,687,1,726,204,885,361
With_Flute_038.jpg,1024,687,1,256,456,388,671
With_Flute_038.jpg,1024,687,1,414,473,594,635
With_Flute_038.jpg,1024,687,1,579,457,750,599
With_Flute_039.jpg,500,375,1,152,138,215,277
With_Flute_039.jpg,500,375,1,4,196,139,305
With_Flute_039.jpg,500,375,1,6,160,118,297
With_Flute_039.jpg,500,375,1,204,46,389,173
With_Flute_039.jpg,500,375,1,247,105,374,293
With_Flute_039.jpg,500,375,1,255,162,367,306
With_Flute_039.jpg,500,375,1,386,123,492,272
With_Flute_040.jpg,500,375,1,214,105,236,231
With_Flute_040.jpg,500,375,1,182,129,196,257
With_Flute_040.jpg,500,375,1,52,241,89,375
With_Flute_040.jpg,500,375,1,138,257,173,375
With_Flute_040.jpg,500,375,1,223,251,274,375
With_Flute_040.jpg,500,375,1,317,230,346,375
With_Flute_040.jpg,500,375,1,449,211,500,285
With_Flute_040.jpg,500,375,1,352,173,391,223
With_Flute_040.jpg,500,375,1,264,83,276,112
With_Flute_041.jpg,375,500,1,101,203,146,342
With_Flute_041.jpg,375,500,1,242,180,290,275
With_Flute_041.jpg,375,500,1,248,314,274,470
With_Flute_041.jpg,375,500,1,292,303,328,361
With_Flute_042.jpg,1280,960,1,323,301,417,739
With_Flute_042.jpg,1280,960,1,543,331,596,750
With_Flute_042.jpg,1280,960,1,697,273,747,680
With_Flute_042.jpg,1280,960,1,272,447,446,598
With_Flute_042.jpg,1280,960,1,516,371,559,594
With_Flute_042.jpg,1280,960,1,867,324,952,518
With_Flute_042.jpg,1280,960,1,875,253,991,650
With_Flute_043.jpg,500,347,1,62,57,111,255
With_Flute_043.jpg,500,347,1,125,265,327,286
With_Flute_043.jpg,500,347,1,273,254,429,271
With_Flute_044.jpg,480,321,1,142,141,280,232
With_Flute_044.jpg,480,321,1,314,125,337,255
With_Flute_045.jpg,1024,682,1,576,472,751,574
With_Flute_046.jpg,718,567,1,396,254,442,389
With_Flute_046.jpg,718,567,1,458,370,573,504
With_Flute_046.jpg,718,567,1,584,296,621,440
With_Flute_046.jpg,718,567,1,91,193,116,340
With_Flute_046.jpg,718,567,1,137,392,157,509
With_Flute_046.jpg,718,567,1,193,389,220,511
With_Flute_046.jpg,718,567,1,180,251,206,334
With_Flute_046.jpg,718,567,1,452,221,467,265
With_Flute_046.jpg,718,567,1,519,232,528,253
With_Flute_047.jpg,500,188,1,69,78,129,143
With_Flute_047.jpg,500,188,1,179,88,195,186
With_Flute_048.jpg,500,375,1,194,75,239,242
With_Flute_048.jpg,500,375,1,250,81,307,204
With_Flute_049.jpg,350,263,1,164,104,178,205
With_Flute_049.jpg,350,263,1,265,158,283,245
With_Flute_050.jpg,404,301,1,152,165,180,301
With_Flute_050.jpg,404,301,1,245,170,309,290
With_Flute_051.jpg,339,500,1,102,155,244,182
With_Flute_052.jpg,500,405,1,18,69,100,215
With_Flute_052.jpg,500,405,1,104,375,233,405
With_Flute_052.jpg,500,405,1,148,339,339,378
With_Flute_052.jpg,500,405,1,300,308,443,356
With_Flute_052.jpg,500,405,1,431,118,500,245
With_Flute_052.jpg,500,405,1,236,241,297,262
With_Flute_053.jpg,500,375,1,104,133,147,299
With_Flute_054.jpg,1024,768,1,739,426,961,511
With_Flute_054.jpg,1024,768,1,67,305,202,474
With_Flute_054.jpg,1024,768,1,563,323,656,416
With_Flute_054.jpg,1024,768,1,218,197,239,418
With_Flute_055.jpg,1113,710,1,184,316,260,474
With_Flute_055.jpg,1113,710,1,289,265,365,443
With_Flute_055.jpg,1113,710,1,392,374,470,477
With_Flute_055.jpg,1113,710,1,483,355,583,430
With_Flute_055.jpg,1113,710,1,608,373,683,480
With_Flute_055.jpg,1113,710,1,698,362,770,433
With_Flute_055.jpg,1113,710,1,829,395,923,444
With_Flute_056.jpg,299,450,1,143,141,201,317
With_Flute_057.jpg,600,600,1,230,346,348,600
With_Flute_058.jpg,500,334,1,196,229,274,249
With_Flute_059.jpg,333,500,1,160,126,192,227
With_Flute_059.jpg,333,500,1,264,236,308,347
With_Flute_059.jpg,333,500,1,55,358,277,500
With_Flute_060.jpg,500,333,1,64,139,116,332
With_Flute_060.jpg,500,333,1,339,236,366,333
With_Flute_060.jpg,500,333,1,421,194,461,333
With_Flute_061.jpg,500,333,1,24,96,101,256
With_Flute_061.jpg,500,333,1,176,76,261,262
With_Flute_061.jpg,500,333,1,261,84,299,250
With_Flute_061.jpg,500,333,1,389,102,461,292
With_Flute_062.jpg,625,469,1,222,229,280,345
With_Flute_064.jpg,500,484,1,54,156,116,249
With_Flute_064.jpg,500,484,1,23,259,87,387
With_Flute_064.jpg,500,484,1,113,256,145,431
With_Flute_064.jpg,500,484,1,263,344,355,484
With_Flute_064.jpg,500,484,1,323,276,401,416
With_Flute_064.jpg,500,484,1,392,250,443,339
With_Flute_064.jpg,500,484,1,418,150,463,240
With_Flute_064.jpg,500,484,1,269,141,328,278
With_Flute_065.jpg,500,333,1,148,125,167,262
With_Flute_065.jpg,500,333,1,221,153,251,266
With_Flute_065.jpg,500,333,1,246,54,261,127
With_Flute_065.jpg,500,333,1,271,126,286,258
With_Flute_065.jpg,500,333,1,303,111,338,230
With_Flute_065.jpg,500,333,1,399,186,423,319
With_Flute_066.jpg,559,339,1,59,185,110,268
With_Flute_066.jpg,559,339,1,112,202,165,269
With_Flute_066.jpg,559,339,1,163,205,226,253
With_Flute_066.jpg,559,339,1,330,209,394,264
With_Flute_066.jpg,559,339,1,527,177,551,293
With_Flute_067.jpg,600,450,1,364,315,389,450
With_Flute_067.jpg,600,450,1,232,212,263,344
With_Flute_067.jpg,600,450,1,281,186,308,321
With_Flute_067.jpg,600,450,1,388,164,447,281
With_Flute_067.jpg,600,450,1,478,147,519,292
With_Flute_067.jpg,600,450,1,150,232,201,393
With_Flute_068.jpg,500,489,1,294,252,325,426
With_Flute_069.jpg,800,600,1,198,237,442,390
With_Flute_070.jpg,490,368,1,278,181,294,368
With_Flute_071.jpg,1152,864,1,370,366,514,645
With_Flute_071.jpg,1152,864,1,675,456,715,757
With_Flute_071.jpg,1152,864,1,757,467,785,755
With_Saxophone_000.jpg,800,610,2,261,211,326,482
With_Saxophone_001.jpg,1933,2592,2,887,515,1360,1140
With_Saxophone_002.jpg,1182,947,2,406,461,566,615
With_Saxophone_003.jpg,2560,1920,2,128,1047,264,1181
With_Saxophone_003.jpg,2560,1920,2,602,1163,764,1230
With_Saxophone_003.jpg,2560,1920,2,819,990,910,1156
With_Saxophone_003.jpg,2560,1920,2,970,965,1113,1061
With_Saxophone_003.jpg,2560,1920,2,1184,1007,1328,1141
With_Saxophone_003.jpg,2560,1920,2,1839,965,1948,1072
With_Saxophone_004.jpg,1106,1807,2,319,448,834,913
With_Saxophone_005.jpg,1024,638,2,596,219,861,586
With_Saxophone_006.jpg,2150,1613,2,628,529,1020,1012
With_Saxophone_006.jpg,2150,1613,2,1082,531,1607,1203
With_Saxophone_006.jpg,2150,1613,2,1535,541,2141,1273
With_Saxophone_007.jpg,819,1024,2,153,211,385,673
With_Saxophone_008.jpg,467,700,2,156,105,352,377
With_Saxophone_009.jpg,1024,768,2,220,197,418,482
With_Saxophone_009.jpg,1024,768,2,513,220,739,512
With_Saxophone_009.jpg,1024,768,2,380,110,617,242
With_Saxophone_010.jpg,2503,1279,2,498,517,879,760
With_Saxophone_011.jpg,473,709,2,238,366,363,483
With_Saxophone_012.jpg,500,375,2,57,92,128,185
With_Saxophone_012.jpg,500,375,2,142,83,226,200
With_Saxophone_012.jpg,500,375,2,216,80,303,189
With_Saxophone_012.jpg,500,375,2,297,93,404,186
With_Saxophone_012.jpg,500,375,2,345,196,444,281
With_Saxophone_012.jpg,500,375,2,243,191,322,280
With_Saxophone_012.jpg,500,375,2,156,193,235,272
With_Saxophone_012.jpg,500,375,2,60,196,149,273
With_Saxophone_013.jpg,600,450,2,157,145,282,304
With_Saxophone_013.jpg,600,450,2,124,236,190,450
With_Saxophone_014.jpg,550,401,2,141,68,220,196
With_Saxophone_014.jpg,550,401,2,331,49,362,196
With_Saxophone_014.jpg,550,401,2,353,104,440,212
With_Saxophone_014.jpg,550,401,2,261,164,338,335
With_Saxophone_014.jpg,550,401,2,210,95,251,162
With_Saxophone_015.jpg,709,500,2,411,164,520,276
With_Saxophone_015.jpg,709,500,2,472,95,537,173
With_Saxophone_015.jpg,709,500,2,297,171,402,288
With_Saxophone_015.jpg,709,500,2,175,163,282,285
With_Saxophone_015.jpg,709,500,2,153,112,223,214
With_Saxophone_015.jpg,709,500,2,382,95,432,169
With_Saxophone_015.jpg,709,500,2,277,94,359,190
With_Saxophone_016.jpg,404,315,2,60,151,180,227
With_Saxophone_016.jpg,404,315,2,191,179,285,232
With_Saxophone_016.jpg,404,315,2,123,58,208,149
With_Saxophone_017.jpg,448,320,2,1,163,99,280
With_Saxophone_017.jpg,448,320,2,332,116,418,235
With_Saxophone_018.jpg,280,370,2,87,196,206,319
With_Saxophone_019.jpg,600,453,2,181,170,317,358
With_Saxophone_019.jpg,600,453,2,261,112,411,321
With_Saxophone_019.jpg,600,453,2,417,131,520,305
With_Saxophone_020.jpg,400,256,2,1,88,113,225
With_Saxophone_020.jpg,400,256,2,91,110,264,256
With_Saxophone_020.jpg,400,256,2,262,128,311,256
With_Saxophone_022.jpg,1024,691,2,107,269,312,486
With_Saxophone_022.jpg,1024,691,2,352,321,432,523
With_Saxophone_022.jpg,1024,691,2,631,315,701,543
With_Saxophone_023.jpg,345,500,2,65,231,223,414
With_Saxophone_024.jpg,500,375,2,157,141,302,282
With_Saxophone_024.jpg,500,375,2,337,154,469,280
With_Saxophone_024.jpg,500,375,2,119,165,191,254
With_Saxophone_025.jpg,900,600,2,1,136,273,494
With_Saxophone_025.jpg,900,600,2,272,158,433,465
With_Saxophone_025.jpg,900,600,2,449,174,624,470
With_Saxophone_025.jpg,900,600,2,605,139,886,554
With_Saxophone_026.jpg,500,334,2,219,84,328,264
With_Saxophone_026.jpg,500,334,2,114,181,159,334
With_Saxophone_026.jpg,500,334,2,361,212,432,285
With_Saxophone_027.jpg,500,332,2,179,146,296,265
With_Saxophone_028.jpg,500,472,2,173,201,348,394
With_Saxophone_029.jpg,800,521,2,85,228,300,300
With_Saxophone_029.jpg,800,521,2,289,253,422,356
With_Saxophone_029.jpg,800,521,2,413,243,502,390
With_Saxophone_029.jpg,800,521,2,568,220,686,390
With_Saxophone_030.jpg,480,319,2,51,139,103,275
With_Saxophone_030.jpg,480,319,2,140,139,188,268
With_Saxophone_030.jpg,480,319,2,236,134,286,249
With_Saxophone_030.jpg,480,319,2,315,110,380,221
With_Saxophone_031.jpg,360,270,2,117,66,142,148
With_Saxophone_031.jpg,360,270,2,144,37,163,111
With_Saxophone_031.jpg,360,270,2,202,59,217,135
With_Saxophone_031.jpg,360,270,2,110,127,143,246
With_Saxophone_031.jpg,360,270,2,159,104,208,241
With_Saxophone_031.jpg,360,270,2,217,111,269,239
With_Saxophone_031.jpg,360,270,2,275,99,348,178
With_Saxophone_031.jpg,360,270,2,254,77,271,124
With_Saxophone_032.jpg,352,288,2,45,137,66,216
With_Saxophone_032.jpg,352,288,2,197,156,228,271
With_Saxophone_032.jpg,352,288,2,234,142,293,262
With_Saxophone_032.jpg,352,288,2,111,90,126,120
With_Saxophone_032.jpg,352,288,2,145,92,168,136
With_Saxophone_032.jpg,352,288,2,183,106,208,146
With_Saxophone_032.jpg,352,288,2,150,142,181,199
With_Saxophone_033.jpg,365,274,2,36,62,128,232
With_Saxophone_033.jpg,365,274,2,119,70,194,192
With_Saxophone_033.jpg,365,274,2,183,70,238,179
With_Saxophone_034.jpg,295,413,2,117,122,165,185
With_Saxophone_035.jpg,600,450,2,1,57,81,222
With_Saxophone_035.jpg,600,450,2,79,231,143,450
With_Saxophone_035.jpg,600,450,2,201,184,317,389
With_Saxophone_035.jpg,600,450,2,315,234,441,423
With_Saxophone_035.jpg,600,450,2,492,227,600,447
With_Saxophone_035.jpg,600,450,2,421,66,512,151
With_Saxophone_035.jpg,600,450,2,298,122,386,245
With_Saxophone_035.jpg,600,450,2,143,123,233,251
With_Saxophone_036.jpg,500,375,2,157,147,211,375
With_Saxophone_036.jpg,500,375,2,243,147,346,373
With_Saxophone_036.jpg,500,375,2,299,173,404,375
With_Saxophone_037.jpg,640,480,2,545,158,592,306
With_Saxophone_037.jpg,640,480,2,118,207,167,263
With_Saxophone_037.jpg,640,480,2,196,331,313,480
With_Saxophone_037.jpg,640,480,2,325,293,419,419
With_Saxophone_037.jpg,640,480,2,440,274,596,480
With_Saxophone_037.jpg,640,480,2,387,205,468,348
With_Saxophone_037.jpg,640,480,2,165,206,293,358
With_Saxophone_038.jpg,334,500,2,81,66,266,257
With_Saxophone_039.jpg,332,500,2,1,165,127,257
With_Saxophone_039.jpg,332,500,2,118,149,204,240
With_Saxophone_040.jpg,550,468,2,141,211,240,468
With_Saxophone_040.jpg,550,468,2,260,137,387,374
With_Saxophone_041.jpg,500,375,2,106,182,269,375
With_Saxophone_042.jpg,333,500,2,90,254,233,306
With_Saxophone_043.jpg,500,402,2,101,130,194,237
With_Saxophone_044.jpg,500,375,2,182,154,349,375
With_Saxophone_045.jpg,250,333,2,37,69,103,129
With_Saxophone_045.jpg,250,333,2,107,73,173,149
With_Saxophone_045.jpg,250,333,2,107,142,192,209
With_Saxophone_046.jpg,451,500,2,27,104,150,362
With_Saxophone_047.jpg,500,334,2,219,102,282,241
With_Saxophone_048.jpg,375,500,2,102,135,219,221
With_Saxophone_049.jpg,335,500,2,97,153,230,286
With_Saxophone_050.jpg,500,332,2,127,117,182,189
With_Saxophone_051.jpg,500,333,2,196,91,293,333
With_Saxophone_052.jpg,500,375,2,95,81,161,141
With_Saxophone_052.jpg,500,375,2,168,75,212,152
With_Saxophone_052.jpg,500,375,2,270,135,325,276
With_Saxophone_052.jpg,500,375,2,349,149,449,313
With_Saxophone_053.jpg,1024,768,2,797,225,957,438
With_Saxophone_053.jpg,1024,768,2,512,195,845,541
With_Saxophone_053.jpg,1024,768,2,293,303,595,521
With_Saxophone_053.jpg,1024,768,2,1,476,461,604
With_Saxophone_054.jpg,1024,825,2,121,313,239,447
With_Saxophone_054.jpg,1024,825,2,323,261,436,448
With_Saxophone_054.jpg,1024,825,2,497,391,759,444
With_Saxophone_054.jpg,1024,825,2,841,153,984,510
Play_Saxophone_101.jpg,375,500,2,191,151,267,360
Play_Saxophone_102.jpg,225,300,2,89,97,109,175
Play_Saxophone_103.jpg,347,500,2,153,178,181,282
Play_Saxophone_103.jpg,347,500,2,179,173,217,300
Play_Saxophone_104.jpg,450,600,2,169,218,280,323
Play_Saxophone_105.jpg,333,500,2,124,124,166,321
Play_Saxophone_106.jpg,594,396,2,373,91,407,181
Play_Saxophone_107.jpg,375,500,2,121,115,189,279
Play_Saxophone_108.jpg,406,500,2,110,122,170,282
Play_Saxophone_109.jpg,335,508,2,109,142,181,283
Play_Saxophone_110.jpg,334,490,2,101,245,188,465
Play_Saxophone_111.jpg,1800,1205,2,501,460,792,1157
Play_Saxophone_112.jpg,604,453,2,226,150,279,336
Play_Saxophone_113.jpg,375,500,2,201,153,264,306
Play_Saxophone_114.jpg,2592,1944,2,957,475,1425,1593
Play_Saxophone_115.jpg,700,525,2,326,130,409,335
Play_Saxophone_116.jpg,1024,768,2,766,220,877,489
Play_Saxophone_117.jpg,267,400,2,47,132,173,275
Play_Saxophone_118.jpg,300,240,2,24,51,61,162
Play_Saxophone_118.jpg,300,240,2,137,45,169,146
Play_Saxophone_118.jpg,300,240,2,241,52,268,154
Play_Saxophone_119.jpg,428,320,2,106,75,133,179
Play_Saxophone_120.jpg,428,320,2,151,143,190,244
Play_Saxophone_121.jpg,300,221,2,189,49,225,161
Play_Saxophone_122.jpg,428,320,2,154,68,203,216
Play_Saxophone_123.jpg,640,480,2,200,216,347,419
Play_Saxophone_123.jpg,640,480,2,547,303,640,420
Play_Saxophone_124.jpg,252,380,2,99,134,158,254
Play_Saxophone_125.jpg,600,377,2,203,112,252,221
Play_Saxophone_126.jpg,500,375,2,172,123,306,299
Play_Saxophone_127.jpg,198,320,2,71,92,119,220
Play_Saxophone_128.jpg,340,294,2,96,95,173,253
Play_Saxophone_129.jpg,400,533,2,169,113,311,379
Play_Saxophone_130.jpg,311,415,2,191,222,234,310
Play_Saxophone_131.jpg,500,284,2,73,92,90,164
Play_Saxophone_131.jpg,500,284,2,176,80,196,135
Play_Saxophone_131.jpg,500,284,2,265,80,314,167
Play_Saxophone_131.jpg,500,284,2,1,145,27,274
Play_Saxophone_131.jpg,500,284,2,339,143,370,231
Play_Saxophone_132.jpg,505,338,2,80,115,128,289
Play_Saxophone_133.jpg,337,506,2,131,203,230,271
Play_Saxophone_134.jpg,506,337,2,195,175,272,285
Play_Saxophone_135.jpg,640,426,2,341,119,435,253
Play_Saxophone_136.jpg,480,480,2,210,91,275,322
Play_Saxophone_137.jpg,480,360,2,257,84,315,258
Play_Saxophone_138.jpg,341,256,2,151,110,201,220
Play_Saxophone_139.jpg,777,582,2,348,152,407,355
Play_Saxophone_140.jpg,1648,1236,2,595,336,831,688
Play_Saxophone_141.jpg,391,400,2,186,193,229,283
Play_Saxophone_142.jpg,400,300,2,217,78,255,177
Play_Saxophone_143.jpg,500,333,2,232,82,281,198
Play_Saxophone_143.jpg,500,333,2,230,210,254,318
Play_Saxophone_143.jpg,500,333,2,326,117,438,197
Play_Saxophone_144.jpg,490,303,2,229,134,269,215
Play_Saxophone_145.jpg,1056,1408,2,306,521,514,1121
Play_Saxophone_146.jpg,397,600,2,152,224,254,428
Play_Saxophone_147.jpg,1024,683,2,451,299,503,449
Play_Saxophone_148.jpg,216,287,2,92,88,128,174
Play_Saxophone_149.jpg,1400,1064,2,671,532,789,863
Play_Saxophone_149.jpg,1400,1064,2,668,426,721,570
Play_Saxophone_150.jpg,500,375,2,132,136,164,247
Play_Saxophone_150.jpg,500,375,2,283,206,311,285
Play_Saxophone_151.jpg,500,333,2,298,96,365,257
Play_Saxophone_152.jpg,400,300,2,291,151,312,241
Play_Saxophone_153.jpg,266,201,2,200,40,214,107
Play_Saxophone_153.jpg,266,201,2,161,45,181,104
Play_Saxophone_154.jpg,656,400,2,122,164,213,323
Play_Saxophone_155.jpg,410,307,2,121,123,176,249
Play_Saxophone_155.jpg,410,307,2,342,104,387,262
Play_Saxophone_156.jpg,800,558,2,511,219,587,388
Play_Saxophone_156.jpg,800,558,2,596,239,629,396
Play_Saxophone_157.jpg,450,301,2,252,103,299,251
Play_Saxophone_157.jpg,450,301,2,310,125,358,283
Play_Saxophone_157.jpg,450,301,2,129,129,155,276
Play_Saxophone_157.jpg,450,301,2,1,123,47,283
Play_Saxophone_158.jpg,640,480,2,226,155,432,465
Play_Saxophone_159.jpg,480,320,2,188,73,272,221
Play_Saxophone_160.jpg,800,1200,2,312,704,463,1038
Play_Saxophone_160.jpg,800,1200,2,1,136,144,336
Play_Saxophone_160.jpg,800,1200,2,652,128,800,361
Play_Saxophone_160.jpg,800,1200,2,10,1000,163,1147
Play_Saxophone_160.jpg,800,1200,2,641,990,765,1132
Play_Saxophone_161.jpg,347,562,2,139,141,197,325
Play_Saxophone_162.jpg,490,367,2,145,110,223,329
Play_Saxophone_163.jpg,470,352,2,367,148,403,223
Play_Saxophone_163.jpg,470,352,2,340,176,362,267
Play_Saxophone_163.jpg,470,352,2,294,187,318,259
Play_Saxophone_163.jpg,470,352,2,179,191,200,257
Play_Saxophone_164.jpg,463,385,2,297,112,387,337
Play_Saxophone_165.jpg,320,261,2,170,59,210,141
Play_Saxophone_166.jpg,766,1024,2,313,317,457,554
Play_Saxophone_167.jpg,1024,679,2,588,289,699,670
Play_Saxophone_168.jpg,1024,808,2,183,390,367,770
Play_Saxophone_169.jpg,600,400,2,139,159,190,309
Play_Saxophone_169.jpg,600,400,2,56,194,106,285
Play_Saxophone_169.jpg,600,400,2,90,212,148,309
Play_Saxophone_170.jpg,2048,1361,2,997,425,1417,1353
Play_Saxophone_171.jpg,768,1152,2,332,715,388,852
Play_Saxophone_172.jpg,1024,683,2,441,179,568,682
Play_Saxophone_173.jpg,400,500,2,184,90,239,265
Play_Saxophone_174.jpg,2419,1613,2,899,282,1213,912
Play_Saxophone_175.jpg,317,500,2,197,233,227,349
Play_Saxophone_176.jpg,803,1024,2,350,425,461,694
Play_Saxophone_177.jpg,1009,899,2,394,423,480,573
Play_Saxophone_178.jpg,1197,1483,2,603,456,772,920
Play_Saxophone_179.jpg,681,1024,2,216,430,313,655
Play_Saxophone_180.jpg,1200,800,2,318,318,457,666
Play_Saxophone_181.jpg,1024,768,2,294,343,370,611
Play_Saxophone_182.jpg,1024,768,2,444,265,550,669
Play_Saxophone_183.jpg,768,1024,2,346,380,568,713
Play_Saxophone_184.jpg,640,480,2,261,148,358,480
Play_Saxophone_185.jpg,1200,1600,2,438,391,588,889
Play_Saxophone_186.jpg,1024,685,2,201,99,324,387
Play_Saxophone_187.jpg,1024,768,2,25,184,127,448
Play_Saxophone_187.jpg,1024,768,2,157,293,326,768
Play_Saxophone_187.jpg,1024,768,2,455,249,637,674
Play_Saxophone_187.jpg,1024,768,2,330,209,408,316
Play_Saxophone_187.jpg,1024,768,2,688,234,803,511
Play_Saxophone_187.jpg,1024,768,2,833,203,956,404
Play_Saxophone_187.jpg,1024,768,2,986,235,1024,318
Play_Saxophone_188.jpg,686,1024,2,86,174,259,480
Play_Saxophone_189.jpg,500,256,2,422,52,465,141
Play_Saxophone_190.jpg,1024,768,2,638,300,701,530
Play_Saxophone_191.jpg,900,600,2,355,195,446,490
Play_Saxophone_192.jpg,325,500,2,212,121,238,204
Play_Saxophone_193.jpg,800,600,2,521,243,573,518
Play_Saxophone_193.jpg,800,600,2,164,263,283,597
Play_Saxophone_194.jpg,1024,768,2,448,230,522,420
Play_Saxophone_195.jpg,1024,763,2,510,421,573,538
Play_Saxophone_196.jpg,1024,980,2,596,339,771,638
Play_Saxophone_197.jpg,698,1024,2,320,439,458,832
Play_Saxophone_197.jpg,698,1024,2,487,689,571,852
With_Flute_000.jpg,1540,1632,1,451,85,585,864
With_Flute_000.jpg,1540,1632,1,874,141,1206,987
With_Flute_001.jpg,1024,768,1,481,336,650,681
With_Flute_002.jpg,1024,768,1,98,487,455,768
With_Flute_003.jpg,500,375,1,146,202,281,375
With_Flute_004.jpg,400,300,1,58,158,168,222
With_Flute_005.jpg,1024,768,1,287,469,485,560
With_Flute_005.jpg,1024,768,1,532,457,879,580
With_Flute_005.jpg,1024,768,1,490,385,559,571
With_Flute_005.jpg,1024,768,1,418,425,515,592
With_Flute_006.jpg,1400,1823,1,1,481,242,1113
With_Flute_006.jpg,1400,1823,1,421,474,546,1144
With_Flute_006.jpg,1400,1823,1,650,255,1135,740
With_Flute_006.jpg,1400,1823,1,1038,264,1382,776
With_Flute_007.jpg,375,250,1,166,182,282,240
With_Flute_008.jpg,448,300,1,282,54,333,162
With_Flute_008.jpg,448,300,1,125,63,166,161
With_Flute_008.jpg,448,300,1,172,65,207,173
With_Flute_008.jpg,448,300,1,221,52,268,164
With_Flute_009.jpg,1152,764,1,154,274,204,360
With_Flute_009.jpg,1152,764,1,182,355,206,504
With_Flute_009.jpg,1152,764,1,267,434,307,592
With_Flute_009.jpg,1152,764,1,341,424,368,585
With_Flute_009.jpg,1152,764,1,449,418,459,571
With_Flute_009.jpg,1152,764,1,491,447,536,588
With_Flute_009.jpg,1152,764,1,558,443,578,608
With_Flute_009.jpg,1152,764,1,636,428,666,587
With_Flute_009.jpg,1152,764,1,675,454,705,601
With_Flute_009.jpg,1152,764,1,741,424,771,578
With_Flute_009.jpg,1152,764,1,847,409,894,573
With_Flute_009.jpg,1152,764,1,951,427,997,581
With_Flute_009.jpg,1152,764,1,467,348,501,470
With_Flute_009.jpg,1152,764,1,400,362,423,443
With_Flute_009.jpg,1152,764,1,589,362,620,432
With_Flute_009.jpg,1152,764,1,692,353,703,395
With_Flute_009.jpg,1152,764,1,751,338,766,390
With_Flute_009.jpg,1152,764,1,814,356,839,444
With_Flute_009.jpg,1152,764,1,906,350,928,431
With_Flute_009.jpg,1152,764,1,985,354,1020,425
With_Flute_009.jpg,1152,764,1,245,268,264,320
With_Flute_009.jpg,1152,764,1,316,277,333,326
With_Flute_009.jpg,1152,764,1,352,316,379,375
With_Flute_009.jpg,1152,764,1,459,276,483,330
With_Flute_009.jpg,1152,764,1,521,262,558,341
With_Flute_009.jpg,1152,764,1,596,280,621,331
With_Flute_009.jpg,1152,764,1,657,244,689,316
With_Flute_009.jpg,1152,764,1,742,226,777,335
With_Flute_009.jpg,1152,764,1,815,263,837,321
With_Flute_009.jpg,1152,764,1,897,261,926,309
With_Flute_009.jpg,1152,764,1,978,276,998,330
With_Flute_010.jpg,400,300,1,183,162,261,188
With_Flute_010.jpg,400,300,1,94,154,183,195
With_Flute_010.jpg,400,300,1,160,74,184,151
With_Flute_010.jpg,400,300,1,240,60,254,134
With_Flute_010.jpg,400,300,1,127,70,140,106
With_Flute_011.jpg,400,298,1,324,111,369,181
With_Flute_011.jpg,400,298,1,19,109,40,154
With_Flute_011.jpg,400,298,1,48,117,57,164
With_Flute_011.jpg,400,298,1,66,119,76,163
With_Flute_011.jpg,400,298,1,87,116,95,159
With_Flute_011.jpg,400,298,1,99,109,123,164
With_Flute_011.jpg,400,298,1,126,110,145,172
With_Flute_011.jpg,400,298,1,149,114,171,173
With_Flute_011.jpg,400,298,1,177,110,197,169
With_Flute_011.jpg,400,298,1,202,112,215,172
With_Flute_011.jpg,400,298,1,229,114,247,168
With_Flute_011.jpg,400,298,1,277,117,297,207
With_Flute_011.jpg,400,298,1,298,114,323,188
With_Flute_012.jpg,600,400,1,58,171,218,264
With_Flute_012.jpg,600,400,1,313,125,449,234
Play_Flute_121.jpg,360,270,1,36,87,198,145
Play_Flute_121.jpg,360,270,1,229,100,285,110
Play_Flute_122.jpg,375,500,1,88,264,208,301
Play_Flute_123.jpg,714,536,1,1,271,103,322
Play_Flute_123.jpg,714,536,1,161,254,240,298
Play_Flute_123.jpg,714,536,1,307,245,364,276
Play_Flute_123.jpg,714,536,1,26,335,198,451
Play_Flute_123.jpg,714,536,1,286,318,401,418
Play_Flute_123.jpg,714,536,1,504,419,677,446
Play_Flute_123.jpg,714,536,1,393,274,471,301
Play_Flute_123.jpg,714,536,1,629,254,672,271
Play_Flute_123.jpg,714,536,1,629,332,712,357
Play_Flute_124.jpg,576,432,1,242,140,417,164
Play_Flute_124.jpg,576,432,1,1,180,223,239
Play_Flute_125.jpg,2554,1915,1,2087,478,2410,691
Play_Flute_125.jpg,2554,1915,1,1770,415,2247,518
Play_Flute_125.jpg,2554,1915,1,1596,575,2030,751
Play_Flute_125.jpg,2554,1915,1,1101,724,1647,909
Play_Flute_125.jpg,2554,1915,1,912,602,1367,898
Play_Flute_125.jpg,2554,1915,1,3,335,539,584
Play_Flute_125.jpg,2554,1915,1,256,342,741,442
Play_Flute_125.jpg,2554,1915,1,472,502,987,567
Play_Flute_125.jpg,2554,1915,1,907,327,1192,467
Play_Flute_125.jpg,2554,1915,1,1203,287,1696,415
Play_Flute_126.jpg,2592,1944,1,139,704,1434,1336
Play_Flute_127.jpg,267,200,1,116,41,205,71
Play_Flute_127.jpg,267,200,1,3,49,94,87
Play_Flute_128.jpg,640,480,1,115,240,274,337
Play_Flute_128.jpg,640,480,1,263,227,380,293
Play_Flute_129.jpg,400,300,1,156,128,188,177
Play_Flute_130.jpg,288,316,1,21,74,201,173
Play_Flute_131.jpg,400,368,1,36,187,203,225
Play_Flute_132.jpg,651,1000,1,52,254,388,447
Play_Flute_133.jpg,450,374,1,9,119,104,133
Play_Flute_133.jpg,450,374,1,207,135,302,157
Play_Flute_133.jpg,450,374,1,248,121,325,136
Play_Flute_133.jpg,450,374,1,227,124,271,130
Play_Flute_133.jpg,450,374,1,105,114,135,122
Play_Flute_134.jpg,300,200,1,1,62,43,81
Play_Flute_134.jpg,300,200,1,78,76,146,91
Play_Flute_134.jpg,300,200,1,149,125,215,149
Play_Flute_135.jpg,350,263,1,48,121,99,138
Play_Flute_135.jpg,350,263,1,237,118,336,127
Play_Flute_135.jpg,350,263,1,229,111,252,127
Play_Flute_136.jpg,562,376,1,81,103,225,183
Play_Flute_136.jpg,562,376,1,198,154,313,189
Play_Flute_136.jpg,562,376,1,351,158,516,214
Play_Flute_136.jpg,562,376,1,416,110,472,125
Play_Flute_136.jpg,562,376,1,472,67,499,80
Play_Flute_137.jpg,541,359,1,253,146,366,188
Play_Flute_137.jpg,541,359,1,427,156,541,207
Play_Flute_138.jpg,640,480,1,387,190,430,251
Play_Flute_138.jpg,640,480,1,427,166,492,200
Play_Flute_139.jpg,200,255,1,1,102,99,150
Play_Flute_140.jpg,333,500,1,90,103,204,156
Play_Flute_141.jpg,600,400,1,207,121,343,177
Play_Flute_142.jpg,600,400,1,27,87,107,115
Play_Flute_142.jpg,600,400,1,107,101,213,116
Play_Flute_142.jpg,600,400,1,229,118,302,133
Play_Flute_142.jpg,600,400,1,305,88,402,102
Play_Flute_142.jpg,600,400,1,461,100,563,132
Play_Flute_142.jpg,600,400,1,434,94,507,127
Play_Flute_143.jpg,640,480,1,208,149,374,178
Play_Flute_144.jpg,645,441,1,245,152,352,223
Play_Flute_145.jpg,704,468,1,379,201,477,236
Play_Flute_145.jpg,704,468,1,560,192,654,235
Play_Flute_145.jpg,704,468,1,16,215,118,261
Play_Flute_145.jpg,704,468,1,193,211,291,263
Play_Flute_146.jpg,1280,960,1,56,351,189,385
Play_Flute_146.jpg,1280,960,1,232,351,401,398
Play_Flute_146.jpg,1280,960,1,535,327,669,360
Play_Flute_146.jpg,1280,960,1,696,327,832,367
Play_Flute_146.jpg,1280,960,1,850,325,1002,427
Play_Flute_146.jpg,1280,960,1,985,316,1137,378
Play_Flute_147.jpg,2000,3008,1,503,698,1182,970
Play_Flute_148.jpg,2072,2004,1,242,710,789,798
Play_Flute_149.jpg,2048,1536,1,1022,519,1161,754
Play_Flute_150.jpg,2150,1613,1,903,639,1309,773
Play_Flute_151.jpg,1944,1458,1,849,553,1455,787
Play_Flute_152.jpg,1280,960,1,1,206,364,545
Play_Flute_152.jpg,1280,960,1,681,237,993,439
Play_Flute_153.jpg,1024,645,1,1,144,142,253
Play_Flute_153.jpg,1024,645,1,236,183,594,419
Play_Flute_153.jpg,1024,645,1,205,252,324,429
Play_Flute_153.jpg,1024,645,1,618,199,1024,422
Play_Flute_153.jpg,1024,645,1,630,375,722,442
Play_Flute_153.jpg,1024,645,1,342,211,467,251
Play_Flute_154.jpg,1266,844,1,290,327,464,449
Play_Flute_155.jpg,1024,768,1,144,169,325,256
Play_Flute_156.jpg,1024,768,1,110,170,579,385
Play_Flute_157.jpg,768,1024,1,239,324,481,501
Play_Flute_158.jpg,924,1422,1,194,406,574,664
Play_Flute_159.jpg,674,518,1,236,163,379,223
Play_Flute_160.jpg,1800,1200,1,598,631,862,781
Play_Flute_161.jpg,2304,2622,1,536,861,1266,1218
Play_Flute_162.jpg,683,1024,1,228,324,467,392
Play_Flute_163.jpg,1200,1600,1,184,443,707,584
Play_Flute_164.jpg,800,601,1,209,206,413,266
Play_Flute_165.jpg,1024,768,1,427,295,610,388
Play_Flute_166.jpg,1024,768,1,399,257,772,386
Play_Flute_166.jpg,1024,768,1,371,375,676,684
Play_Flute_167.jpg,1904,1728,1,1250,317,1846,847
Play_Flute_167.jpg,1904,1728,1,1188,407,1570,879
Play_Flute_167.jpg,1904,1728,1,582,563,956,1051
Play_Flute_167.jpg,1904,1728,1,272,715,522,883
Play_Flute_168.jpg,2304,1728,1,312,829,884,1027
Play_Flute_168.jpg,2304,1728,1,1,883,304,961
Play_Flute_168.jpg,2304,1728,1,874,889,1190,1061
Play_Flute_168.jpg,2304,1728,1,1176,967,1778,1143
Play_Flute_168.jpg,2304,1728,1,1884,883,1976,1495
Play_Flute_169.jpg,800,600,1,118,240,260,329
Play_Flute_170.jpg,2048,1536,1,624,597,1018,754
Play_Flute_171.jpg,640,480,1,311,155,439,208
Play_Flute_172.jpg,640,425,1,131,93,370,225
Play_Flute_173.jpg,1024,683,1,228,197,621,337
Play_Flute_174.jpg,640,480,1,100,211,371,282
Play_Flute_175.jpg,1024,768,1,1,269,414,390
Play_Flute_175.jpg,1024,768,1,410,268,653,328
Play_Flute_176.jpg,2448,3264,1,320,1402,1428,1860
Play_Saxophone_046.jpg,1024,768,2,435,273,561,545
Play_Saxophone_046.jpg,1024,768,2,629,280,697,465
Play_Saxophone_046.jpg,1024,768,2,300,267,337,409
Play_Saxophone_046.jpg,1024,768,2,918,300,973,489
Play_Saxophone_046.jpg,1024,768,2,576,283,615,417
Play_Saxophone_046.jpg,1024,768,2,159,303,245,415
Play_Saxophone_047.jpg,2004,1425,2,246,318,476,858
Play_Saxophone_047.jpg,2004,1425,2,846,440,954,670
Play_Saxophone_047.jpg,2004,1425,2,614,568,766,1246
Play_Saxophone_047.jpg,2004,1425,2,1330,328,1447,613
Play_Saxophone_047.jpg,2004,1425,2,1567,458,1750,880
Play_Saxophone_048.jpg,670,800,2,210,160,315,431
Play_Saxophone_049.jpg,1374,2048,2,517,499,739,1282
Play_Saxophone_050.jpg,2184,1456,2,1117,625,1176,847
Play_Saxophone_051.jpg,750,1044,2,337,569,431,815
Play_Saxophone_052.jpg,685,1024,2,235,575,365,890
Play_Saxophone_052.jpg,685,1024,2,10,594,91,959
Play_Saxophone_053.jpg,768,1024,2,277,395,349,565
Play_Saxophone_054.jpg,987,1280,2,428,487,544,715
Play_Saxophone_055.jpg,663,1024,2,139,315,276,661
Play_Saxophone_056.jpg,2113,1483,2,1509,626,1637,983
Play_Saxophone_057.jpg,576,1024,2,262,273,410,676
Play_Saxophone_058.jpg,333,500,2,11,223,164,477
Play_Saxophone_059.jpg,500,750,2,211,250,262,591
Play_Saxophone_060.jpg,960,1280,2,214,425,376,728
Play_Saxophone_061.jpg,1000,1000,2,346,134,505,511
Play_Saxophone_062.jpg,349,500,2,111,107,161,282
Play_Saxophone_063.jpg,2106,1400,2,378,602,531,949
Play_Saxophone_064.jpg,800,504,2,550,266,597,364
Play_Saxophone_065.jpg,1690,2253,2,642,480,992,1346
Play_Saxophone_066.jpg,533,800,2,168,235,254,578
Play_Saxophone_067.jpg,1024,768,2,601,173,742,506
Play_Saxophone_068.jpg,500,330,2,204,135,230,229
Play_Saxophone_069.jpg,960,1280,2,393,503,615,900
Play_Saxophone_070.jpg,722,480,2,308,121,417,427
Play_Saxophone_071.jpg,1229,1843,2,376,276,629,997
Play_Saxophone_072.jpg,1971,1478,2,840,306,1190,1168
Play_Saxophone_073.jpg,1500,1256,2,731,423,846,741
Play_Saxophone_074.jpg,800,533,2,1,97,118,473
Play_Saxophone_074.jpg,800,533,2,457,135,570,482
Play_Saxophone_075.jpg,2833,1889,2,544,451,833,1186
Play_Saxophone_076.jpg,1714,2285,2,585,817,964,1520
Play_Saxophone_077.jpg,1054,1255,2,119,301,263,627
Play_Saxophone_078.jpg,1024,684,2,454,248,511,401
Play_Saxophone_079.jpg,1916,1424,2,523,399,762,1125
Play_Saxophone_080.jpg,1024,683,2,259,166,482,612
Play_Saxophone_081.jpg,1024,768,2,321,195,379,533
Play_Saxophone_082.jpg,681,1024,2,176,364,354,825
Play_Saxophone_083.jpg,480,360,2,235,105,309,267
Play_Saxophone_084.jpg,480,360,2,95,168,125,272
Play_Saxophone_084.jpg,480,360,2,143,130,160,231
Play_Saxophone_084.jpg,480,360,2,257,134,316,208
Play_Saxophone_084.jpg,480,360,2,305,177,352,250
Play_Saxophone_085.jpg,487,649,2,339,317,429,546
Play_Saxophone_086.jpg,335,500,2,161,164,193,289
Play_Saxophone_087.jpg,800,571,2,294,198,361,341
Play_Saxophone_088.jpg,334,500,2,75,132,174,388
Play_Saxophone_089.jpg,500,375,2,240,120,283,247
Play_Saxophone_090.jpg,500,375,2,72,164,132,340
Play_Saxophone_090.jpg,500,375,2,129,14,238,170
Play_Saxophone_090.jpg,500,375,2,178,148,251,326
Play_Saxophone_090.jpg,500,375,1,432,246,477,294
Play_Saxophone_090.jpg,500,375,1,269,324,317,375
Play_Saxophone_090.jpg,500,375,1,365,308,411,375
Play_Saxophone_091.jpg,375,500,2,153,143,218,280
Play_Saxophone_092.jpg,375,500,2,166,163,256,389
Play_Saxophone_093.jpg,375,500,2,131,152,241,435
Play_Saxophone_094.jpg,332,500,2,72,195,206,389
Play_Saxophone_095.jpg,500,333,2,127,137,169,264
Play_Saxophone_096.jpg,333,500,2,116,135,172,371
Play_Saxophone_097.jpg,500,375,2,253,154,339,353
Play_Saxophone_098.jpg,500,375,2,278,196,344,375
Play_Saxophone_099.jpg,399,500,2,132,116,190,240
Play_Saxophone_100.jpg,334,500,2,96,149,206,237
Play_Flute_009.jpg,1024,768,1,272,295,551,372
Play_Flute_010.jpg,1372,1104,1,508,341,721,523
Play_Flute_011.jpg,1024,768,1,15,207,162,318
Play_Flute_011.jpg,1024,768,1,138,218,286,394
Play_Flute_011.jpg,1024,768,1,527,198,685,305
Play_Flute_011.jpg,1024,768,1,687,216,749,287
Play_Flute_011.jpg,1024,768,1,708,239,708,247
Play_Flute_011.jpg,1024,768,1,710,241,844,348
Play_Flute_011.jpg,1024,768,1,899,250,987,351
Play_Flute_011.jpg,1024,768,1,316,213,356,293
Play_Flute_011.jpg,1024,768,1,287,245,336,382
Play_Flute_012.jpg,600,450,1,105,157,183,169
Play_Flute_012.jpg,600,450,1,52,174,110,193
Play_Flute_012.jpg,600,450,1,21,191,57,204
Play_Flute_012.jpg,600,450,1,1,173,30,185
Play_Flute_012.jpg,600,450,1,277,180,341,201
Play_Flute_012.jpg,600,450,1,210,175,272,193
Play_Flute_012.jpg,600,450,1,419,160,482,178
Play_Flute_012.jpg,600,450,1,353,159,414,180
Play_Flute_012.jpg,600,450,1,184,171,215,185
Play_Flute_013.jpg,1836,1332,1,150,414,330,728
Play_Flute_013.jpg,1836,1332,1,365,572,522,674
Play_Flute_013.jpg,1836,1332,1,530,471,779,749
Play_Flute_014.jpg,3008,2000,1,136,738,1254,1054
Play_Flute_014.jpg,3008,2000,1,2252,622,2405,903
Play_Flute_014.jpg,3008,2000,1,1540,184,2345,366
Play_Flute_014.jpg,3008,2000,1,1526,45,1803,849
Play_Flute_015.jpg,1024,681,1,203,235,604,351
Play_Flute_016.jpg,1024,720,1,54,293,408,380
Play_Flute_016.jpg,1024,720,1,450,298,670,381
Play_Flute_017.jpg,1536,1152,1,219,479,580,708
Play_Flute_017.jpg,1536,1152,1,624,493,975,627
Play_Flute_018.jpg,676,1024,1,48,308,178,357
Play_Flute_018.jpg,676,1024,1,232,326,419,404
Play_Flute_019.jpg,874,717,1,525,295,643,552
Play_Flute_019.jpg,874,717,1,773,309,842,482
Play_Flute_019.jpg,874,717,1,264,251,454,387
Play_Flute_019.jpg,874,717,1,187,244,281,370
Play_Flute_019.jpg,874,717,1,141,292,187,345
Play_Flute_019.jpg,874,717,1,486,249,533,393
Play_Flute_020.jpg,600,800,1,146,145,318,313
Play_Flute_021.jpg,800,600,1,100,257,286,324
Play_Flute_021.jpg,800,600,1,514,240,694,285
Play_Flute_022.jpg,1144,856,1,116,182,429,289
Play_Flute_022.jpg,1144,856,1,299,153,509,288
Play_Flute_022.jpg,1144,856,1,585,147,848,353
Play_Flute_023.jpg,500,333,1,265,92,366,139
Play_Flute_024.jpg,800,533,1,328,190,503,324
Play_Flute_025.jpg,725,550,1,168,189,310,227
Play_Flute_025.jpg,725,550,1,364,218,493,275
Play_Flute_026.jpg,824,718,1,259,155,530,241
Play_Flute_027.jpg,442,336,1,103,139,228,174
Play_Flute_028.jpg,456,683,1,225,170,369,259
Play_Flute_029.jpg,1280,1024,1,407,438,686,543
Play_Flute_030.jpg,533,800,1,100,298,310,413
Play_Flute_031.jpg,1994,1495,1,266,620,1319,920
Play_Flute_032.jpg,2150,1434,1,272,474,947,977
Play_Flute_033.jpg,1548,1161,1,1045,470,1259,548
Play_Flute_033.jpg,1548,1161,1,778,500,953,581
Play_Flute_033.jpg,1548,1161,1,464,408,560,489
Play_Flute_033.jpg,1548,1161,1,16,396,152,529
Play_Flute_035.jpg,540,430,1,188,226,294,306
Play_Flute_036.jpg,874,718,1,228,223,518,316
Play_Flute_037.jpg,1800,1215,1,741,471,1051,515
Play_Flute_037.jpg,1800,1215,1,1092,465,1267,516
Play_Flute_037.jpg,1800,1215,1,1280,463,1571,598
Play_Flute_037.jpg,1800,1215,1,1571,439,1743,485
Play_Flute_038.jpg,960,880,1,243,346,547,514
Play_Flute_039.jpg,500,377,1,46,134,191,199
Play_Flute_040.jpg,1024,817,1,205,306,530,417
Play_Flute_040.jpg,1024,817,1,639,237,906,328
Play_Flute_041.jpg,500,375,1,386,160,500,188
Play_Flute_041.jpg,500,375,1,216,185,371,239
Play_Flute_041.jpg,500,375,1,159,183,239,241
Play_Flute_041.jpg,500,375,1,249,140,316,190
Play_Flute_041.jpg,500,375,1,133,149,155,169
Play_Flute_041.jpg,500,375,1,1,184,39,208
Play_Flute_041.jpg,500,375,1,347,134,388,147
Play_Flute_042.jpg,614,1024,1,61,270,451,308
Play_Flute_043.jpg,624,535,1,213,184,348,253
Play_Flute_044.jpg,467,800,1,64,155,316,280
Play_Flute_045.jpg,600,509,1,166,214,312,267
Play_Flute_046.jpg,724,618,1,251,139,397,198
Play_Flute_047.jpg,800,600,1,172,277,456,329
Play_Flute_048.jpg,824,668,1,229,211,440,298
Play_Flute_049.jpg,2160,1620,1,744,647,1206,845
Play_Flute_050.jpg,3098,2074,1,1005,611,1551,960
Play_Flute_051.jpg,375,400,1,63,137,183,183
Play_Flute_052.jpg,824,668,1,122,324,233,358
Play_Flute_052.jpg,824,668,1,317,304,422,334
Play_Flute_052.jpg,824,668,1,520,277,637,300
Play_Flute_052.jpg,824,668,1,159,230,253,254
Play_Flute_053.jpg,1280,958,1,713,127,925,186
Play_Flute_054.jpg,2304,1728,1,568,707,1314,845
Play_Flute_055.jpg,1448,1972,1,501,650,783,1023
Play_Flute_056.jpg,359,600,1,115,221,233,272
Play_Flute_057.jpg,1024,768,1,557,335,775,388
Play_Flute_058.jpg,1024,888,1,122,260,530,417
Play_Flute_059.jpg,874,618,1,1,296,111,377
Play_Flute_059.jpg,874,618,1,139,290,242,334
Play_Flute_059.jpg,874,618,1,287,282,398,329
Play_Flute_059.jpg,874,618,1,419,307,520,369
Play_Flute_059.jpg,874,618,1,512,319,623,387
Play_Flute_059.jpg,874,618,1,646,317,758,397
Play_Flute_060.jpg,589,730,1,175,225,388,289
Play_Flute_061.jpg,600,550,1,436,133,544,159
Play_Flute_061.jpg,600,550,1,308,180,415,229
Play_Flute_061.jpg,600,550,1,206,175,297,216
Play_Flute_061.jpg,600,550,1,97,189,200,218
Play_Flute_062.jpg,240,320,1,98,103,169,122
Play_Flute_063.jpg,624,526,1,78,100,184,140
Play_Flute_064.jpg,724,683,1,12,213,98,236
Play_Flute_064.jpg,724,683,1,168,186,264,218
Play_Flute_064.jpg,724,683,1,331,211,443,229
Play_Flute_064.jpg,724,683,1,509,156,621,212
Play_Flute_064.jpg,724,683,1,446,215,537,243
Play_Flute_064.jpg,724,683,1,649,190,723,229
Play_Flute_064.jpg,724,683,1,112,229,164,246
Play_Flute_064.jpg,724,683,1,298,227,364,253
Play_Flute_065.jpg,1613,2150,1,306,768,899,1156
Play_Flute_066.jpg,768,1024,1,109,359,421,536
Play_Flute_067.jpg,1024,768,1,308,325,699,371
Play_Flute_068.jpg,600,800,1,30,270,364,334
Play_Flute_069.jpg,1882,1394,1,290,461,682,596
Play_Flute_070.jpg,500,321,1,221,92,281,109
Play_Flute_071.jpg,1024,768,1,229,163,457,264
Play_Flute_072.jpg,874,668,1,312,171,534,235
Play_Flute_073.jpg,2048,1536,1,959,447,1461,665
Play_Flute_074.jpg,3136,2013,1,490,729,1588,1236
Play_Flute_075.jpg,2304,1956,1,1134,481,1913,970
Play_Flute_075.jpg,2304,1956,1,1329,1101,2304,1276
Play_Flute_076.jpg,389,575,1,79,189,231,238
Play_Flute_077.jpg,768,1024,1,161,238,516,362
Play_Flute_077.jpg,768,1024,1,152,289,246,498
Play_Flute_078.jpg,774,583,1,311,259,503,344
Play_Flute_078.jpg,774,583,1,462,278,576,443
Play_Flute_078.jpg,774,583,1,645,423,774,557
Play_Flute_078.jpg,774,583,1,675,267,734,316
Play_Flute_078.jpg,774,583,1,1,321,28,387
Play_Flute_078.jpg,774,583,1,24,374,90,453
Play_Flute_078.jpg,774,583,1,10,431,75,483
Play_Flute_078.jpg,774,583,1,340,345,380,425
Play_Flute_078.jpg,774,583,1,705,324,774,370
Play_Flute_079.jpg,1024,669,1,16,206,352,392
Play_Flute_080.jpg,768,1024,1,1,287,424,429
Play_Flute_081.jpg,900,1200,1,267,447,477,521
Play_Flute_082.jpg,1024,768,1,360,303,640,478
Play_Flute_083.jpg,332,500,1,33,148,177,238
Play_Flute_084.jpg,2048,1362,1,530,320,1154,540
Play_Flute_085.jpg,560,382,1,16,178,87,193
Play_Flute_085.jpg,560,382,1,112,149,172,166
Play_Flute_085.jpg,560,382,1,133,185,208,199
Play_Flute_085.jpg,560,382,1,258,160,309,173
Play_Flute_085.jpg,560,382,1,442,172,508,190
Play_Flute_085.jpg,560,382,1,397,155,459,165
Play_Flute_085.jpg,560,382,1,319,190,388,207
Play_Flute_086.jpg,432,286,1,231,100,316,154
Play_Flute_087.jpg,2400,1800,1,316,469,1383,617
Play_Flute_088.jpg,924,768,1,326,220,398,308
Play_Flute_089.jpg,960,1280,1,209,281,487,431
Play_Flute_090.jpg,2288,1712,1,1134,375,1674,639
Play_Flute_091.jpg,1024,768,1,64,205,510,357
Play_Flute_092.jpg,1024,768,1,165,236,400,349
Play_Flute_093.jpg,400,375,1,188,116,276,146
Play_Flute_093.jpg,400,375,1,31,100,126,148
Play_Flute_094.jpg,454,350,1,140,121,219,139
Play_Flute_095.jpg,640,480,1,107,154,202,300
Play_Flute_096.jpg,2406,1600,1,1517,406,1982,543
Play_Flute_097.jpg,624,580,1,232,199,351,259
Play_Flute_098.jpg,1405,1070,1,229,376,931,462
Play_Flute_099.jpg,1536,2048,1,563,429,974,763
Play_Flute_100.jpg,350,273,1,166,95,198,169
Play_Flute_100.jpg,350,273,1,98,61,145,77
Play_Flute_101.jpg,454,340,1,16,125,120,178
Play_Flute_102.jpg,1632,1224,1,467,390,928,530
Play_Flute_103.jpg,1024,768,1,709,231,918,292
Play_Flute_103.jpg,1024,768,1,631,198,768,223
Play_Flute_103.jpg,1024,768,1,489,205,629,234
Play_Flute_103.jpg,1024,768,1,371,191,456,226
Play_Flute_103.jpg,1024,768,1,86,201,233,227
Play_Flute_103.jpg,1024,768,1,268,225,341,242
Play_Flute_103.jpg,1024,768,1,391,284,502,310
Play_Flute_103.jpg,1024,768,1,641,332,664,392
Play_Flute_104.jpg,378,504,1,85,157,253,248
Play_Flute_105.jpg,640,480,1,82,169,186,216
Play_Flute_105.jpg,640,480,1,260,171,366,228
Play_Flute_105.jpg,640,480,1,490,195,547,224
Play_Flute_105.jpg,640,480,1,82,190,181,250
Play_Flute_106.jpg,500,375,1,74,117,137,151
Play_Flute_107.jpg,912,684,1,1,289,102,348
Play_Flute_107.jpg,912,684,1,250,290,410,330
Play_Flute_107.jpg,912,684,1,458,318,646,368
Play_Flute_107.jpg,912,684,1,728,312,858,393
Play_Flute_108.jpg,480,319,1,135,93,291,113
Play_Flute_108.jpg,480,319,1,92,227,195,269
Play_Flute_109.jpg,594,396,1,296,132,370,154
Play_Flute_110.jpg,715,536,1,266,166,485,234
Play_Flute_110.jpg,715,536,1,215,172,238,252
Play_Flute_111.jpg,1280,960,1,449,328,547,699
Play_Flute_111.jpg,1280,960,1,634,338,1004,445
Play_Flute_112.jpg,448,336,1,144,91,206,162
Play_Flute_113.jpg,1024,768,1,295,272,377,580
Play_Flute_113.jpg,1024,768,1,555,287,771,467
Play_Flute_114.jpg,640,532,1,78,135,243,154
Play_Flute_115.jpg,684,912,1,204,297,396,446
Play_Flute_116.jpg,390,292,1,53,98,178,153
Play_Flute_117.jpg,912,684,1,248,186,451,349
Play_Flute_118.jpg,600,450,1,1,183,120,225
Play_Flute_118.jpg,600,450,1,155,176,270,220
Play_Flute_118.jpg,600,450,1,284,169,414,218
Play_Flute_118.jpg,600,450,1,444,168,552,203
Play_Flute_119.jpg,377,283,1,9,119,59,213
Play_Flute_119.jpg,377,283,1,87,89,124,143
Play_Flute_119.jpg,377,283,1,115,72,190,91
Play_Flute_119.jpg,377,283,1,235,79,310,98
Play_Flute_119.jpg,377,283,1,292,95,348,120
Play_Flute_120.jpg,600,321,1,113,80,225,100
Play_Flute_120.jpg,600,321,1,1,145,80,172
Play_Flute_120.jpg,600,321,1,144,164,235,243
Play_Flute_120.jpg,600,321,1,118,134,163,178
Play_Flute_120.jpg,600,321,1,161,130,199,154
Play_Flute_120.jpg,600,321,1,214,123,271,143
Play_Flute_120.jpg,600,321,1,312,143,409,151
Play_Flute_120.jpg,600,321,1,432,135,515,150
Play_Flute_120.jpg,600,321,1,411,122,449,132
Play_Flute_120.jpg,600,321,1,317,120,357,130
